Timestamp,Response,Descriptor
2023-11-16 11:45:47.740595,Failure,Backup
2023-11-16 11:45:47.854880,Failure,Backup
2023-11-16 11:45:47.963753,Failure,Backup
2023-11-16 11:45:48.076264,Failure,Backup
2023-11-16 11:45:48.188252,Failure,Backup
2023-11-16 11:45:48.299424,Failure,Backup
2023-11-16 11:45:48.410975,Failure,Backup
2023-11-16 11:45:48.522981,Failure,Backup
2023-11-16 11:45:48.633814,Failure,Backup
2023-11-16 11:45:48.749998,Failure,Backup
2023-11-16 11:45:48.865312,Failure,Backup
2023-11-16 11:45:48.980353,Failure,Backup
2023-11-16 11:45:49.093527,Failure,Backup
2023-11-16 11:45:49.209593,Failure,Backup
2023-11-16 11:45:49.323704,Failure,Backup
2023-11-16 11:45:49.432592,Failure,Backup
2023-11-16 11:45:49.545438,Failure,Backup
2023-11-16 11:45:49.663254,Failure,Backup
2023-11-16 11:45:49.778908,Failure,Backup
2023-11-16 11:45:49.894382,Failure,Backup
2023-11-16 11:45:50.001739,Failure,Backup
2023-11-16 11:45:50.111720,Failure,Backup
2023-11-16 11:45:50.219186,Failure,Backup
2023-11-16 11:45:50.404283,Failure,Backup
2023-11-16 11:45:50.518707,Failure,Backup
2023-11-16 11:45:50.628296,Failure,Backup
2023-11-16 11:45:50.734716,Failure,Backup
2023-11-16 11:45:50.851789,Failure,Backup
2023-11-16 11:45:50.958328,Failure,Backup
2023-11-16 11:45:51.071779,Failure,Backup
2023-11-16 11:45:51.183985,Failure,Backup
2023-11-16 11:45:51.296365,Failure,Backup
2023-11-16 11:45:51.413366,Failure,Backup
2023-11-16 11:45:51.524884,Failure,Backup
2023-11-16 11:45:51.640266,Failure,Backup
2023-11-16 11:45:51.752883,Failure,Backup
2023-11-16 11:45:51.861961,Failure,Backup
2023-11-16 11:45:51.970913,Failure,Backup
2023-11-16 11:45:52.079567,Failure,Backup
2023-11-16 11:45:52.186798,Failure,Backup
2023-11-16 11:45:52.299987,Failure,Backup
2023-11-16 11:45:52.414850,Failure,Backup
2023-11-16 11:45:52.524974,Failure,Backup
2023-11-16 11:45:52.636346,Failure,Backup
2023-11-16 11:45:52.749841,Failure,Backup
2023-11-16 11:45:52.863346,Failure,Backup
2023-11-16 11:45:52.980323,Failure,Backup
2023-11-16 11:45:53.096687,Failure,Backup
2023-11-16 11:45:53.209256,Failure,Backup
2023-11-16 11:45:53.327288,Failure,Backup
2023-11-16 11:45:53.440849,Failure,Backup
2023-11-16 11:45:53.555455,Failure,Backup
2023-11-16 11:45:53.669269,Failure,Backup
2023-11-16 11:45:53.780432,Failure,Backup
2023-11-16 11:45:53.890936,Failure,Backup
2023-11-16 11:45:54.008126,Failure,Backup
2023-11-16 11:45:54.119668,Failure,Backup
2023-11-16 11:45:54.237391,Failure,Backup
2023-11-16 11:45:54.349102,Failure,Backup
2023-11-16 11:45:54.465037,Failure,Backup
2023-11-16 11:45:54.575402,Failure,Backup
2023-11-16 11:45:54.691810,Failure,Backup
2023-11-16 11:45:54.807350,Failure,Backup
2023-11-16 11:45:54.921634,Failure,Backup
2023-11-16 11:45:55.026759,Failure,Backup
2023-11-16 11:45:55.139559,Failure,Backup
2023-11-16 11:45:55.255917,Failure,Backup
2023-11-16 11:45:55.365733,Failure,Backup
2023-11-16 11:45:55.478596,Failure,Backup
2023-11-16 11:45:55.599645,Failure,Backup
2023-11-16 11:45:55.713069,Failure,Backup
2023-11-16 11:45:55.833475,Failure,Backup
2023-11-16 11:45:55.948800,Failure,Backup
2023-11-16 11:45:56.058691,Failure,Backup
2023-11-16 11:45:56.171759,Failure,Backup
2023-11-16 11:45:56.281735,Failure,Backup
2023-11-16 11:45:56.389939,Failure,Backup
2023-11-16 11:45:56.500725,Failure,Backup
2023-11-16 11:45:56.614449,Failure,Backup
2023-11-16 11:45:56.728445,Failure,Backup
2023-11-16 11:45:56.841253,Failure,Backup
2023-11-16 11:45:56.960070,Failure,Backup
2023-11-16 11:45:57.061660,Failure,Backup
2023-11-16 11:45:57.170334,Failure,Backup
2023-11-16 11:45:57.279337,Failure,Backup
2023-11-16 11:45:57.393032,Failure,Backup
